oid,y_pred,y_true
7337,DSCT,DSCT
12557,CEP,CEP
18556,RR,RR
13404,RRc,RR
22677,DSCT,DSCT
384429,RRc,CEP
600152,CEP,CEP
55616,RRc,RRc
174527,CEP,CEP
11179,RR,RR
29482,RR,RR
16725,RR,RR
327637,CEP,CEP
32632,DSCT,DSCT
18741,DSCT,DSCT
446551,CEP,CEP
3281,DSCT,DSCT
22457,DSCT,DSCT
38064,DSCT,DSCT
15228,DSCT,DSCT
497627,CEP,CEP
25408,CEP,RR
460970,CEP,CEP
73676,RRc,RRc
34055,DSCT,DSCT
29343,DSCT,DSCT
57358,RRc,RRc
7320,DSCT,DSCT
303582,CEP,CEP
6632,DSCT,DSCT
24996,DSCT,DSCT
16148,DSCT,DSCT
37777,RRc,RRc
554,RR,RR
86044,RR,RRc
20017,RR,RR
71953,CEP,CEP
7296,RR,RR
7097,RRc,RRc
35752,DSCT,DSCT
33962,DSCT,DSCT
393924,CEP,CEP
2288,DSCT,DSCT
136893,CEP,CEP
27692,DSCT,DSCT
20238,CEP,CEP
33166,DSCT,DSCT
9512,CEP,CEP
481262,CEP,CEP
11256,DSCT,DSCT
6607,CEP,RR
14563,DSCT,DSCT
104555,RRc,RRc
20997,RR,RR
1763,DSCT,DSCT
16534,RRc,RRc
5766,RR,RR
385686,CEP,CEP
12062,DSCT,DSCT
89610,CEP,CEP
27154,DSCT,DSCT
57536,RRc,RRc
19943,DSCT,DSCT
299151,CEP,CEP
181873,CEP,CEP
21850,DSCT,DSCT
18319,DSCT,DSCT
12105,RRc,RRc
20570,RR,RR
33151,RR,RR
22554,DSCT,DSCT
15016,CEP,CEP
87755,RRc,RRc
79075,DSCT,RRc
32409,CEP,RR
6975,RR,RR
12594,DSCT,DSCT
162980,CEP,CEP
76657,RRc,RRc
6613,RR,RR
5890,RRc,RRc
103325,RRc,RRc
93143,RRc,RRc
13048,RR,RR
512187,CEP,CEP
20484,RR,RR
10234,DSCT,DSCT
12628,RR,RR
66340,RRc,RRc
3516,DSCT,DSCT
8476,DSCT,DSCT
384362,CEP,CEP
80080,RRc,RRc
3521,DSCT,DSCT
63040,RRc,RRc
15421,DSCT,DSCT
7801,CEP,CEP
21055,CEP,CEP
48181,RRc,RRc
22397,RR,RR
27755,RR,RR
16405,RR,RRc
142014,RR,CEP
155132,CEP,CEP
17903,DSCT,DSCT
35516,DSCT,DSCT
17014,CEP,RR
24365,RR,RR
161508,CEP,CEP
27375,RR,RR
487067,CEP,CEP
18258,RR,RR
80336,RRc,RRc
24025,DSCT,DSCT
319939,CEP,CEP
6924,DSCT,DSCT
7361,DSCT,DSCT
18324,DSCT,DSCT
48341,CEP,CEP
2208,CEP,RR
348462,CEP,CEP
29448,DSCT,DSCT
34977,RRc,RRc
40125,RRc,RRc
160973,CEP,CEP
4663,RR,RR
31735,DSCT,DSCT
18350,CEP,CEP
557327,CEP,CEP
16232,RR,RR
24,RR,RR
38209,DSCT,DSCT
11821,RR,RR
35595,DSCT,DSCT
511793,CEP,CEP
34837,RRc,RRc
131840,CEP,CEP
28692,RR,RR
257884,CEP,CEP
43646,RRc,RRc
60439,RRc,RRc
24131,RR,RR
17141,DSCT,DSCT
553,RR,RR
68792,RRc,RRc
6545,RR,RR
96887,RRc,RRc
297323,CEP,CEP
62354,RRc,RRc
97247,CEP,CEP
21321,DSCT,DSCT
25054,RR,RR
36284,RRc,RRc
14626,DSCT,DSCT
2903,RR,RR
4114,RR,RR
58493,RRc,RRc
21466,DSCT,DSCT
86314,RRc,RRc
19276,DSCT,DSCT
53740,RRc,RRc
31207,DSCT,DSCT
437874,RR,CEP
13430,DSCT,DSCT
25052,RR,RR
29877,RRc,RRc
91628,CEP,CEP
19526,RRc,RRc
33052,DSCT,DSCT
26079,DSCT,DSCT
300206,CEP,CEP
10965,RR,RR
5962,RR,RR
9192,RR,RR
172722,CEP,CEP
431080,CEP,CEP
631077,CEP,CEP
34505,RR,RR
31226,RR,RR
386716,CEP,CEP
30019,DSCT,DSCT
94046,RRc,RRc
20757,RRc,RRc
81398,RRc,RRc
27249,DSCT,DSCT
17750,DSCT,DSCT
340079,CEP,CEP
69400,RR,RRc
22601,DSCT,DSCT
7631,DSCT,DSCT
27240,DSCT,DSCT
1772,RR,RR
26513,RR,RR
34767,RRc,RRc
15189,CEP,CEP
13819,DSCT,DSCT
18993,RRc,RRc
5806,DSCT,DSCT
32299,DSCT,DSCT
395096,CEP,CEP
90382,RRc,RRc
12218,DSCT,DSCT
408306,CEP,CEP
519741,CEP,CEP
7074,RR,RR
94603,RRc,RRc
50910,RRc,RRc
25514,RR,RR
22939,RRc,RRc
160861,CEP,CEP
559716,CEP,CEP
25055,RR,RR
7375,DSCT,DSCT
13385,RR,RR
38705,DSCT,DSCT
142201,RR,CEP
34685,RR,RR
125187,RRc,CEP
36155,DSCT,DSCT
35116,DSCT,DSCT
71826,CEP,CEP
29672,DSCT,DSCT
30678,RR,RR
52043,RRc,RRc
26060,RR,RR
5487,DSCT,DSCT
570055,CEP,CEP
72766,CEP,CEP
462799,CEP,CEP
583336,CEP,CEP
7907,RR,RR
2680,RR,RR
32852,RRc,RRc
3554,DSCT,DSCT
71035,RRc,RRc
227073,CEP,CEP
70401,RRc,RRc
55117,RRc,RRc
145678,CEP,CEP
21012,RR,RR
22125,RRc,RRc
30062,RR,RR
27381,RRc,RRc
100664,RRc,RRc
65853,RRc,RRc
14233,CEP,RR
28304,RR,RR
72652,CEP,CEP
230,RRc,RRc
27316,RR,RR
265184,CEP,CEP
3654,DSCT,DSCT
524630,CEP,CEP
16040,CEP,CEP
27074,CEP,RR
84949,RRc,RRc
592,DSCT,DSCT
15730,RRc,RRc
8329,RRc,RRc
16338,RR,RR
162556,CEP,CEP
34754,RRc,RRc
18220,DSCT,DSCT
33692,RR,RR
38235,RRc,RRc
28131,RR,RR
1650,DSCT,DSCT
29825,RRc,RR
19341,RR,RR
17085,RR,RR
17949,RR,RR
39966,RRc,RRc
464516,CEP,CEP
19462,RR,RR
85233,RRc,RRc
74230,RRc,RRc
13461,RR,RR
11582,RRc,RRc
28914,DSCT,DSCT
16889,RR,RR
6019,DSCT,DSCT
91060,RRc,RRc
29401,DSCT,DSCT
10536,DSCT,DSCT
590722,CEP,CEP
15536,RRc,RRc
456302,CEP,CEP
52831,RRc,RRc
173431,CEP,CEP
32355,RR,RR
441388,CEP,CEP
21987,RRc,RRc
3219,DSCT,DSCT
27064,DSCT,DSCT
14543,RRc,RRc
1234,DSCT,DSCT
62502,CEP,CEP
22473,RR,RR
29375,RRc,RRc
286734,CEP,CEP
16261,CEP,CEP
17486,RR,RR
76336,RRc,RRc
2170,RR,RR
18754,DSCT,DSCT
182223,CEP,CEP
14811,RR,RR
70014,RRc,RRc
34017,RR,RR
22562,DSCT,DSCT
28163,DSCT,DSCT
5410,RRc,RRc
25888,RRc,RRc
552938,CEP,CEP
10330,RRc,RR
21735,RR,RR
31873,RR,RR
34044,DSCT,DSCT
32379,RR,RR
60409,RRc,RRc
327303,CEP,CEP
357768,CEP,CEP
489313,CEP,CEP
19343,CEP,RR
494072,CEP,CEP
11255,RRc,RRc
29732,RR,RR
41955,CEP,CEP
24589,RRc,RRc
5888,RRc,RRc
11463,RR,RR
16556,RRc,RRc
27634,DSCT,DSCT
28467,DSCT,DSCT
30370,DSCT,DSCT
11349,DSCT,DSCT
9030,DSCT,DSCT
3069,DSCT,DSCT
7190,RR,RR
90870,RRc,RRc
361502,CEP,CEP
4501,RR,RR
33182,RR,RR
2360,DSCT,DSCT
75070,RRc,RRc
23890,DSCT,DSCT
560170,CEP,CEP
30506,RRc,RRc
30220,RR,RR
1890,DSCT,DSCT
586029,CEP,CEP
2177,RR,RR
419367,CEP,CEP
31849,RRc,RRc
15770,RR,RR
79170,RRc,RRc
106283,RRc,RRc
54916,RRc,RRc
14329,DSCT,DSCT
66232,RRc,RRc
108293,RRc,RRc
54648,RRc,RRc
36624,DSCT,DSCT
474640,CEP,CEP
527601,CEP,CEP
27846,RRc,RRc
177010,CEP,CEP
389926,CEP,CEP
22781,RRc,RRc
18852,RR,RR
3006,DSCT,DSCT
49529,RRc,RRc
24696,RR,RR
15623,RRc,RRc
37533,DSCT,DSCT
162838,CEP,CEP
7873,RR,RR
51497,CEP,CEP
178019,CEP,CEP
142860,CEP,CEP
16275,RR,RR
538749,CEP,CEP
6368,DSCT,DSCT
561166,CEP,CEP
9033,DSCT,DSCT
4374,CEP,RR
23716,RRc,RRc
511630,CEP,CEP
165161,CEP,CEP
26524,RR,RR
318499,CEP,CEP
360598,CEP,CEP
14803,RRc,RRc
27453,DSCT,DSCT
63849,CEP,CEP
13439,DSCT,DSCT
19479,RR,RR
22282,DSCT,DSCT
35602,DSCT,DSCT
11926,DSCT,DSCT
17355,RR,RR
8941,RR,RR
1235,RR,RR
15231,DSCT,DSCT
65796,CEP,CEP
171414,CEP,CEP
19639,RRc,RRc
7128,DSCT,DSCT
30307,DSCT,DSCT
6986,DSCT,DSCT
14114,DSCT,DSCT
32758,DSCT,DSCT
61,RR,RR
14810,DSCT,DSCT
76391,RR,RRc
24106,RR,RR
19366,RR,RR
503123,CEP,CEP
28988,DSCT,DSCT
26951,CEP,CEP
319980,RR,CEP
20447,DSCT,DSCT
12925,DSCT,DSCT
16684,RR,RR
17710,CEP,CEP
508667,CEP,CEP
106440,RRc,RRc
12422,RR,RR
21614,RR,RR
21809,RRc,RR
79102,RRc,RRc
1729,DSCT,DSCT
9764,DSCT,DSCT
18084,RR,RR
24874,RR,RR
29671,DSCT,DSCT
296370,RRc,CEP
473423,CEP,CEP
13316,RRc,RRc
36748,DSCT,DSCT
7131,RR,RR
33040,DSCT,DSCT
3560,DSCT,DSCT
14885,CEP,RRc
25200,DSCT,DSCT
18065,RR,RR
88145,RRc,RRc
24187,RRc,RRc
15094,CEP,RR
34564,DSCT,DSCT
88579,RR,RRc
24181,DSCT,DSCT
5240,DSCT,DSCT
11152,DSCT,DSCT
20127,DSCT,DSCT
24080,RRc,RRc
46130,RRc,RRc
54045,RRc,RRc
10466,RR,RR
3299,DSCT,DSCT
23814,RR,RR
21330,RR,RR
170316,CEP,CEP
27421,DSCT,DSCT
408183,CEP,CEP
8738,CEP,RR
71491,RRc,RRc
16660,RR,RR
7791,DSCT,DSCT
425584,CEP,CEP
52120,RRc,RRc
22393,DSCT,DSCT
88194,RR,RRc
31077,DSCT,DSCT
20746,RRc,RRc
38181,RRc,RRc
41806,RRc,RRc
31800,DSCT,DSCT
329777,CEP,CEP
11429,RRc,RRc
31230,RR,RR
78891,CEP,CEP
26732,DSCT,DSCT
12309,DSCT,DSCT
7549,RRc,RRc
50933,RRc,RRc
4955,RR,RR
25905,RR,RR
22954,RR,RR
24875,RR,RR
3394,RR,RR
7519,RR,RRc
8407,DSCT,DSCT
311559,RR,CEP
6449,RR,RR
16023,CEP,RR
76459,RRc,RRc
2266,RR,RR
50312,RRc,RRc
12029,DSCT,DSCT
34473,DSCT,DSCT
14888,DSCT,DSCT
432748,CEP,CEP
167463,CEP,CEP
61197,RRc,RRc
543709,CEP,CEP
33497,RRc,RRc
53437,RRc,RRc
3860,RR,RR
12734,DSCT,DSCT
49524,RRc,RRc
15407,CEP,RR
27605,DSCT,DSCT
22468,RRc,RRc
100698,CEP,CEP
20545,RR,RR
16782,RRc,RRc
584743,CEP,CEP
72522,RRc,RRc
342607,CEP,CEP
83561,RRc,RRc
30944,RRc,RRc
3878,DSCT,DSCT
61063,CEP,CEP
446119,CEP,CEP
19659,RR,RR
192,RR,RR
83988,RRc,RRc
25797,RR,RR
13423,RRc,RRc
434565,CEP,CEP
29538,RR,RR
6765,DSCT,DSCT
28732,RR,RR
9091,RR,RR
3726,RR,RR
311795,CEP,CEP
13693,RR,RR
455784,CEP,CEP
29224,DSCT,DSCT
10533,RR,RR
291823,CEP,CEP
56801,RRc,RRc
15133,CEP,CEP
28777,RRc,RRc
18390,DSCT,DSCT
31938,DSCT,DSCT
41679,RRc,RRc
42806,RRc,RRc
68325,RR,RRc
32203,DSCT,DSCT
26475,RR,RR
29319,RR,RR
79261,RRc,RRc
23777,RRc,RRc
277537,CEP,CEP
17938,CEP,CEP
23180,RR,RR
20063,RRc,RRc
26208,CEP,CEP
24941,RR,RR
85856,CEP,CEP
45853,RRc,RRc
168751,CEP,CEP
33740,DSCT,DSCT
2448,RRc,RRc
3202,RRc,RR
8191,RR,RR
67334,RRc,RRc
12873,RRc,RR
7151,CEP,CEP
28184,DSCT,DSCT
107675,RRc,RRc
378067,CEP,CEP
15485,CEP,CEP
16697,DSCT,DSCT
57573,RRc,RRc
10856,RR,RR
16056,RR,RR
5313,RR,RR
15512,RR,CEP
176860,CEP,CEP
63539,CEP,CEP
17571,DSCT,DSCT
3408,RR,RR
8336,CEP,RR
1927,RRc,RRc
25796,RR,RR
565054,CEP,CEP
4595,DSCT,DSCT
31534,RR,RR
500339,CEP,CEP
33191,RRc,RRc
26098,RR,RR
97271,CEP,CEP
74204,CEP,CEP
7045,DSCT,DSCT
334698,CEP,CEP
50954,RRc,RRc
97782,RR,CEP
30908,RR,RR
16011,RR,RR
91974,CEP,CEP
399673,RR,CEP
351178,CEP,CEP
50018,RRc,RRc
13181,RR,RR
99562,CEP,CEP
35410,DSCT,DSCT
305891,CEP,CEP
25168,RR,RR
4520,DSCT,DSCT
32271,DSCT,DSCT
268293,CEP,CEP
46222,RRc,RRc
28182,RR,RR
4431,RR,RR
577014,CEP,CEP
386086,CEP,CEP
69856,RRc,RRc
31185,RRc,RRc
15584,RR,RR
8175,DSCT,DSCT
20064,DSCT,DSCT
15394,RR,RR
32650,RR,RR
13348,RRc,RRc
11731,RR,RR
30950,RR,RR
24147,CEP,CEP
19863,DSCT,DSCT
581825,CEP,CEP
21389,RR,RR
6772,RR,RR
3014,CEP,RR
18475,DSCT,DSCT
93964,RRc,RRc
4637,RR,RR
24887,RRc,RRc
23531,RR,RR
29090,RR,RR
24619,DSCT,DSCT
454724,CEP,CEP
17604,DSCT,RRc
93975,CEP,RRc
21163,DSCT,DSCT
327919,CEP,CEP
17693,DSCT,DSCT
18541,DSCT,DSCT
146898,CEP,CEP
28687,DSCT,DSCT
5553,DSCT,DSCT
20706,DSCT,DSCT
7795,DSCT,DSCT
17765,DSCT,DSCT
5397,DSCT,DSCT
17074,RR,RR
19661,RR,RR
31881,DSCT,DSCT
27354,RRc,RRc
27660,DSCT,DSCT
59172,RRc,RRc
17064,RRc,RRc
21971,RRc,RRc
3909,RRc,RRc
497212,CEP,CEP
10054,RR,RR
68873,RRc,RRc
20293,DSCT,DSCT
486560,CEP,CEP
32645,RR,RR
319995,CEP,CEP
31903,RR,RR
30917,DSCT,DSCT
23915,RRc,DSCT
30386,DSCT,DSCT
30535,RR,RR
13655,RRc,RRc
1297,CEP,RR
75376,RRc,RRc
74490,RRc,RRc
361648,CEP,CEP
425690,CEP,CEP
603333,CEP,CEP
10175,DSCT,DSCT
8218,RR,RR
25400,DSCT,DSCT
422911,CEP,CEP
40878,RRc,RRc
570595,CEP,CEP
35241,DSCT,DSCT
30895,RR,RR
9306,RR,RR
22189,RRc,CEP
455437,CEP,CEP
77974,RRc,RRc
27747,RRc,RRc
180711,RRc,CEP
26163,CEP,CEP
10427,DSCT,DSCT
32110,RRc,RRc
18239,RRc,RRc
27948,RRc,RRc
22245,RR,RR
65403,CEP,CEP
25691,DSCT,DSCT
18836,DSCT,DSCT
25006,DSCT,DSCT
33361,RR,RR
448387,CEP,CEP
581735,CEP,CEP
464497,CEP,CEP
509935,CEP,CEP
31965,DSCT,DSCT
6298,DSCT,DSCT
58172,RRc,RRc
16856,DSCT,DSCT
21623,DSCT,DSCT
30391,DSCT,DSCT
42484,RRc,RRc
10437,DSCT,DSCT
475690,CEP,CEP
5746,RR,RR
28023,RR,RR
432015,RR,CEP
5673,RR,RR
92928,RRc,RRc
18133,RR,RR
19747,DSCT,DSCT
1750,DSCT,DSCT
21673,RR,RR
28507,DSCT,DSCT
28584,RR,RR
174121,CEP,CEP
33476,RR,RR
21935,CEP,RR
20739,RRc,RRc
12295,RR,RR
29757,RR,RR
24554,DSCT,DSCT
48859,CEP,CEP
277166,CEP,CEP
544151,CEP,CEP
273799,CEP,CEP
40242,RRc,RRc
1174,DSCT,DSCT
54,RR,RR
13796,DSCT,DSCT
51117,RRc,RRc
18478,DSCT,DSCT
22956,DSCT,DSCT
35198,DSCT,DSCT
138200,RR,CEP
60274,RRc,RRc
87358,CEP,CEP
160175,CEP,CEP
610924,CEP,CEP
30134,RRc,RRc
37074,RRc,RRc
420561,CEP,CEP
11722,CEP,RR
32793,RRc,RRc
79654,CEP,CEP
389548,CEP,CEP
386509,CEP,CEP
26712,RR,RR
5724,RR,RR
84417,RRc,RRc
26995,RRc,RRc
123891,CEP,CEP
25995,RR,RR
9043,DSCT,DSCT
29165,DSCT,DSCT
17969,DSCT,DSCT
38689,RRc,RRc
11849,CEP,RR
40869,RRc,RRc
80376,RR,RRc
12117,RR,RR
30125,RR,RR
116803,CEP,CEP
132025,CEP,CEP
1436,DSCT,DSCT
158619,CEP,CEP
140052,CEP,CEP
9684,DSCT,DSCT
175671,CEP,CEP
33474,RR,RR
67830,RRc,RRc
2564,RRc,RRc
19955,RR,RR
10262,RR,RR
84164,RRc,RRc
104813,RRc,RRc
13856,CEP,RR
33054,RR,RR
607465,CEP,CEP
168945,CEP,CEP
5263,DSCT,DSCT
18740,RRc,RRc
18516,RR,RR
549103,CEP,CEP
3236,RR,RR
31547,RR,RR
182513,CEP,CEP
749,RRc,RR
24900,DSCT,DSCT
24402,RRc,RRc
11417,DSCT,DSCT
498727,CEP,CEP
22517,RR,RR
24036,RR,RR
24513,RRc,RRc
29839,RR,RR
367640,CEP,CEP
26061,RR,RR
8841,RR,RR
36023,DSCT,DSCT
34381,RRc,RR
63324,RRc,RRc
357622,CEP,CEP
157769,CEP,CEP
11091,RRc,RR
34789,RRc,RRc
71144,RRc,RRc
390185,CEP,CEP
455909,CEP,CEP
289126,CEP,CEP
388240,CEP,CEP
32167,RR,RR
14160,DSCT,DSCT
15044,DSCT,DSCT
12294,DSCT,DSCT
33251,CEP,CEP
56787,RRc,RRc
30225,RRc,RRc
486441,CEP,CEP
347097,CEP,CEP
16604,RR,RR
602159,CEP,CEP
3351,RRc,RRc
81156,RRc,RRc
94891,RRc,RRc
244,RRc,RRc
19270,DSCT,DSCT
563306,CEP,CEP
389717,CEP,CEP
631151,CEP,CEP
13701,RRc,RRc
473304,CEP,CEP
599768,CEP,CEP
93203,RRc,RRc
518257,CEP,CEP
17925,RR,RR
13539,RR,RR
23485,DSCT,DSCT
100391,RRc,RRc
15292,RRc,RRc
4064,DSCT,DSCT
16163,RR,RR
16918,CEP,CEP
503183,CEP,CEP
6922,RR,RR
2335,RR,RR
542282,CEP,CEP
17875,DSCT,DSCT
61609,RRc,RRc
15031,DSCT,DSCT
13467,DSCT,DSCT
25763,DSCT,DSCT
169237,CEP,CEP
15545,CEP,CEP
2683,DSCT,DSCT
605147,RRc,CEP
63189,RRc,RRc
1812,RR,RR
23554,DSCT,DSCT
539275,CEP,CEP
62097,RRc,RRc
17723,RR,RR
75254,CEP,CEP
325307,CEP,CEP
3650,RRc,RRc
32810,RRc,RR
31793,RR,RR
620168,CEP,CEP
48923,RRc,RRc
32112,CEP,CEP
3156,RRc,RRc
14852,RR,RR
24022,RRc,RRc
953,RR,RR
6138,RRc,RRc
18436,RR,RR
24269,DSCT,DSCT
12919,RR,RR
99498,RRc,RRc
13126,DSCT,DSCT
520730,CEP,CEP
17824,RRc,RRc
392526,CEP,CEP
24178,DSCT,DSCT
156994,RR,CEP
13664,DSCT,DSCT
2633,RRc,RRc
8873,DSCT,DSCT
31007,DSCT,DSCT
157163,CEP,CEP
11746,DSCT,DSCT
19913,RR,RRc
26939,DSCT,DSCT
18593,RR,RR
9376,RRc,RRc
1639,DSCT,DSCT
248716,CEP,CEP
29816,RR,RR
33419,DSCT,DSCT
1621,RR,RR
18125,RR,RR
588943,CEP,CEP
37867,DSCT,DSCT
7137,RRc,RRc
12954,RR,DSCT
15723,DSCT,DSCT
8744,RR,RR
325787,RR,CEP
19757,DSCT,DSCT
86694,RRc,RRc
29571,DSCT,DSCT
29274,RR,RR
13906,DSCT,DSCT
30962,DSCT,DSCT
14573,RRc,RRc
104878,RRc,RRc
18654,CEP,RR
34001,DSCT,DSCT
10181,RR,RR
62191,RRc,RRc
5477,RR,RR
21813,RRc,RRc
10494,DSCT,DSCT
6078,DSCT,DSCT
22065,RR,RR
172519,CEP,CEP
473410,CEP,CEP
25848,RR,RR
96921,CEP,CEP
156608,RR,CEP
103167,RR,CEP
82520,RRc,RRc
30269,RR,RR
97906,CEP,CEP
378723,RR,CEP
86437,RRc,RRc
89912,RRc,RRc
477690,CEP,CEP
5226,RR,RR
8322,RR,RR
16069,DSCT,DSCT
587949,CEP,CEP
4567,DSCT,DSCT
22705,RR,RR
27088,RR,RR
39696,RRc,RRc
83889,CEP,CEP
469422,CEP,CEP
6413,RR,RR
10400,RR,RR
31152,RRc,RRc
1047,RR,RR
8799,RR,RR
23769,RR,RR
515577,CEP,CEP
83545,RRc,RRc
8580,CEP,RR
4967,RR,RR
1809,DSCT,DSCT
27241,DSCT,DSCT
50032,RRc,RRc
38700,DSCT,DSCT
6134,RR,RR
14795,DSCT,DSCT
73031,RRc,RRc
47010,CEP,CEP
28615,DSCT,DSCT
445737,CEP,CEP
51331,RRc,RRc
89928,RRc,RRc
12910,RRc,RRc
33865,RR,RR
23737,DSCT,DSCT
35323,DSCT,DSCT
34699,RR,RR
23348,RRc,RRc
61739,RRc,RRc
18153,RR,RR
55356,RRc,RRc
47431,RRc,RRc
10116,DSCT,DSCT
75073,RRc,RRc
27315,DSCT,DSCT
3615,RR,RR
33831,RR,RR
9497,DSCT,DSCT
532433,CEP,CEP
53178,RRc,RRc
1698,RR,RR
84280,CEP,CEP
21618,RRc,RRc
53587,CEP,CEP
143671,CEP,CEP
15020,DSCT,DSCT
18991,RRc,RRc
67976,RRc,RRc
54053,RRc,RRc
11675,DSCT,DSCT
88999,RR,RRc
21879,RR,RR
76780,RRc,RRc
88713,RRc,RRc
171305,CEP,CEP
98467,RRc,RRc
7336,DSCT,DSCT
5650,RRc,RRc
29655,RR,RR
4818,DSCT,DSCT
34093,DSCT,DSCT
17880,DSCT,DSCT
10429,RR,RR
73057,CEP,RRc
33018,RR,RR
18970,CEP,CEP
520475,CEP,CEP
26315,RRc,RRc
607,DSCT,DSCT
23610,DSCT,DSCT
23524,RR,RR
27332,RR,RR
267,RR,RR
37285,CEP,CEP
63748,RRc,RRc
2920,DSCT,DSCT
7835,RRc,RRc
60382,RRc,RRc
31926,DSCT,DSCT
28005,DSCT,DSCT
13987,RR,RR
16883,DSCT,RRc
61475,RRc,RRc
11525,RR,RR
105436,RRc,RRc
27159,DSCT,DSCT
23235,DSCT,DSCT
453827,CEP,CEP
59996,RRc,RRc
26033,DSCT,DSCT
103473,RRc,RRc
23072,CEP,RR
17895,RR,RR
61046,RRc,RRc
10488,RR,RR
166200,CEP,CEP
10905,DSCT,DSCT
23110,RRc,RRc
12970,RR,RR
25861,RR,RR
20283,RRc,RRc
6510,RR,RR
552232,CEP,CEP
52615,RRc,RRc
15236,RR,RR
289291,CEP,CEP
47591,CEP,CEP
28542,DSCT,DSCT
28662,RRc,RRc
12714,RR,RR
28402,RRc,RRc
20599,CEP,CEP
26962,RR,RR
11448,RR,RR
9624,CEP,CEP
74296,CEP,CEP
973,DSCT,DSCT
32767,RR,RR
18121,RR,RR
6692,RR,RR
20361,CEP,RR
58793,RRc,RRc
386225,CEP,CEP
15136,RRc,RRc
527905,CEP,CEP
25487,RR,RR
37977,RRc,RRc
553545,CEP,CEP
102167,RR,RRc
517563,CEP,CEP
71148,RRc,RRc
35021,RRc,RRc
28339,RRc,RRc
1049,DSCT,DSCT
32937,RR,RR
592272,CEP,CEP
5871,CEP,CEP
578925,CEP,CEP
440611,CEP,CEP
26372,RRc,RRc
566402,CEP,CEP
34736,RRc,RRc
439403,CEP,CEP
6523,DSCT,DSCT
26309,DSCT,DSCT
3480,RRc,RRc
13382,RR,RR
415931,CEP,CEP
19894,DSCT,DSCT
56439,RR,RRc
18036,RR,RR
106222,RRc,RRc
168640,CEP,CEP
1687,RR,RR
37050,DSCT,DSCT
19357,RR,RR
16702,DSCT,DSCT
24721,RR,RR
546544,CEP,CEP
100,RR,RR
15772,DSCT,DSCT
346017,CEP,CEP
3501,RR,RR
76732,RRc,RRc
576001,CEP,CEP
33814,RR,RR
354210,CEP,CEP
24119,DSCT,DSCT
30588,RR,RR
15178,RR,RR
2366,DSCT,DSCT
23577,RR,RR
8328,DSCT,DSCT
558050,CEP,CEP
517221,CEP,CEP
32145,RRc,RRc
38644,DSCT,DSCT
1360,RRc,RRc
20923,DSCT,DSCT
5267,RR,RR
70271,RRc,RRc
91548,RRc,RRc
23728,RR,RR
107031,RRc,RRc
36643,DSCT,DSCT
14069,RRc,RRc
9533,DSCT,DSCT
23163,RR,RR
6751,DSCT,DSCT
15381,RRc,RRc
22499,RRc,RR
26451,DSCT,DSCT
15890,DSCT,DSCT
38944,DSCT,DSCT
576511,CEP,CEP
540766,CEP,CEP
5255,RRc,RR
97373,RRc,RRc
6819,DSCT,DSCT
24109,DSCT,DSCT
36868,DSCT,DSCT
23903,RRc,DSCT
77019,RRc,RRc
21562,DSCT,DSCT
438766,CEP,CEP
38243,DSCT,DSCT
24915,DSCT,DSCT
7590,DSCT,DSCT
569887,CEP,CEP
28982,DSCT,DSCT
61029,RRc,RRc
9101,DSCT,DSCT
480838,RR,CEP
31798,DSCT,DSCT
82072,CEP,CEP
3892,DSCT,DSCT
22567,CEP,RR
33136,RR,RR
27023,RR,RR
689,DSCT,DSCT
26602,RR,RR
5151,RRc,RR
74360,CEP,CEP
451052,CEP,CEP
600625,CEP,CEP
496224,CEP,CEP
6159,RRc,RRc
30797,DSCT,DSCT
294053,CEP,CEP
7291,RRc,RRc
455950,CEP,CEP
8721,DSCT,DSCT
164364,CEP,CEP
98095,RRc,RRc
4902,DSCT,DSCT
26203,CEP,RR
16774,DSCT,DSCT
18401,CEP,RRc
4432,CEP,RR
43590,RRc,RRc
26298,RR,RR
13105,DSCT,DSCT
30063,RR,RR
53013,RRc,RRc
77599,RRc,RRc
483639,CEP,CEP
6232,DSCT,DSCT
15626,RR,RR
481179,CEP,CEP
45939,RRc,RRc
511526,CEP,CEP
32855,DSCT,DSCT
24972,DSCT,DSCT
184006,CEP,CEP
3787,RR,RR
68568,RRc,RRc
14122,DSCT,DSCT
31124,RRc,RRc
13576,DSCT,DSCT
34180,RRc,RRc
15419,RRc,RRc
25353,RRc,RRc
19440,DSCT,DSCT
44723,RRc,RRc
26246,DSCT,DSCT
17961,RR,RR
39647,RRc,RRc
23221,RRc,RRc
174087,CEP,CEP
29545,RR,RR
22344,DSCT,DSCT
405001,CEP,CEP
170253,RR,CEP
3149,RRc,RRc
7484,RR,RR
15533,DSCT,DSCT
14706,DSCT,DSCT
162396,RRc,CEP
7117,DSCT,DSCT
294088,CEP,CEP
33521,RR,RR
8376,RR,RR
102057,RRc,RRc
22206,RR,RR
18367,DSCT,DSCT
15881,RR,RR
573076,RR,CEP
7201,RR,RR
38895,RRc,RRc
26780,CEP,RR
93783,RRc,RRc
106260,RRc,RRc
35233,DSCT,DSCT
22256,DSCT,DSCT
17853,RR,RR
91704,RRc,RRc
393014,CEP,CEP
1283,RR,RR
91791,RRc,RRc
2118,DSCT,DSCT
18051,RR,RR
24449,RR,RR
6488,DSCT,DSCT
1569,DSCT,DSCT
555664,CEP,CEP
411665,CEP,CEP
35873,DSCT,DSCT
615607,CEP,CEP
74755,RRc,RRc
288174,CEP,CEP
54276,RRc,RRc
102615,RR,RRc
25849,RR,RR
31722,DSCT,DSCT
24194,RR,RR
21332,RR,RR
11307,RRc,RRc
17459,RRc,RRc
23670,RR,RR
46919,CEP,CEP
12393,RR,RR
59010,RRc,RRc
32435,DSCT,DSCT
59789,RRc,RRc
27790,RR,RR
503615,CEP,CEP
22332,RR,RR
18376,RR,RR
537912,CEP,CEP
30328,DSCT,DSCT
568147,CEP,CEP
11985,RR,RR
76707,RRc,RRc
168788,CEP,CEP
17054,CEP,CEP
32310,RRc,RRc
16628,RR,RR
20870,CEP,CEP
400,DSCT,DSCT
31360,DSCT,DSCT
130496,CEP,CEP
15577,RRc,RRc
29761,DSCT,DSCT
49820,RRc,RRc
31923,RR,RR
21742,DSCT,DSCT
83132,RRc,RRc
29722,RRc,RRc
21000,RR,RR
22507,RR,RR
28274,RRc,RR
60298,RR,RRc
4538,RR,RR
16801,DSCT,DSCT
73762,RRc,RRc
432841,CEP,CEP
2881,DSCT,DSCT
69622,RRc,RRc
72478,CEP,CEP
397412,RRc,CEP
48701,RRc,RRc
59048,RRc,RRc
114923,CEP,CEP
5968,RR,RR
16107,DSCT,DSCT
58667,RRc,RRc
40295,CEP,CEP
545827,CEP,CEP
567836,CEP,CEP
53305,RRc,RRc
33189,RR,RR
20756,RR,RR
27314,DSCT,DSCT
565466,CEP,CEP
376476,CEP,CEP
73766,CEP,CEP
584287,CEP,CEP
170299,RR,CEP
33069,DSCT,DSCT
408584,CEP,CEP
4947,DSCT,DSCT
32102,RRc,RRc
21015,RRc,RRc
31769,RRc,RRc
88316,RRc,RRc
16970,RR,RR
29157,DSCT,DSCT
81151,CEP,CEP
5457,RR,RR
66148,RRc,RRc
73374,CEP,CEP
466855,CEP,CEP
24917,RRc,RRc
361901,CEP,CEP
93425,CEP,CEP
29999,RRc,RRc
91275,RRc,RRc
607409,CEP,CEP
403506,CEP,CEP
19420,DSCT,DSCT
16643,RR,RR
327490,RRc,CEP
299830,CEP,CEP
4061,RR,RR
23311,RR,RR
77036,RRc,RRc
80824,RRc,RRc
11922,DSCT,DSCT
34139,RR,RR
606343,CEP,CEP
6289,RR,RR
210,DSCT,DSCT
582397,CEP,CEP
448027,CEP,CEP
4665,DSCT,DSCT
537254,CEP,CEP
36567,DSCT,DSCT
13061,DSCT,DSCT
27383,RRc,RRc
7729,RR,RR
21744,DSCT,DSCT
11380,RR,RR
19385,RR,RR
177828,CEP,CEP
22516,RR,RR
31179,DSCT,DSCT
34046,DSCT,DSCT
8012,DSCT,DSCT
664,RRc,RRc
34120,DSCT,DSCT
22057,RRc,RRc
625727,CEP,CEP
41113,RRc,RRc
561296,CEP,CEP
36288,DSCT,DSCT
23585,RRc,RR
2631,DSCT,DSCT
445633,CEP,CEP
533115,CEP,CEP
30692,DSCT,DSCT
5742,DSCT,DSCT
4441,RRc,RRc
564738,CEP,CEP
5999,RR,RR
554522,CEP,CEP
106125,CEP,CEP
14600,DSCT,DSCT
50632,RRc,RRc
109647,CEP,CEP
44972,CEP,CEP
563868,CEP,CEP
393151,CEP,CEP
29728,DSCT,DSCT
21660,RR,RR
373283,CEP,CEP
18737,DSCT,DSCT
19690,RR,RR
314762,CEP,CEP
14184,DSCT,DSCT
13875,RR,RR
45356,CEP,CEP
8958,DSCT,DSCT
65493,CEP,CEP
73697,RRc,RRc
17330,RRc,RRc
36,CEP,RR
475584,CEP,CEP
68349,RRc,RRc
28677,RR,RR
29677,DSCT,DSCT
578185,CEP,CEP
27593,DSCT,DSCT
12775,RRc,RRc
16234,DSCT,DSCT
282532,CEP,CEP
36365,DSCT,DSCT
498977,CEP,CEP
486,DSCT,DSCT
33678,DSCT,DSCT
63526,RRc,RRc
87169,RRc,RRc
25120,RR,RR
13730,CEP,RR
36876,RRc,RRc
24833,RR,RR
30721,RRc,RR
19772,RR,RR
23444,DSCT,DSCT
2291,DSCT,DSCT
169670,CEP,CEP
25457,DSCT,DSCT
33316,DSCT,DSCT
384,RR,RR
8558,RR,RR
4280,RR,RR
384310,CEP,CEP
25509,DSCT,DSCT
63036,RRc,RRc
470404,CEP,CEP
32361,RR,RR
22513,RR,RR
23981,DSCT,DSCT
284487,CEP,CEP
46438,CEP,RRc
11495,DSCT,DSCT
49938,RRc,RRc
10576,DSCT,DSCT
19280,DSCT,DSCT
4470,RRc,RR
162799,CEP,CEP
18389,DSCT,DSCT
33522,RRc,RRc
3395,RRc,RRc
80856,RR,RRc
15714,RRc,RRc
5757,DSCT,DSCT
2911,RR,RR
255181,CEP,CEP
441,CEP,RR
21488,RRc,RRc
32448,RRc,RRc
459953,CEP,CEP
957,RR,RR
12479,RR,RR
82764,CEP,CEP
18342,RRc,RRc
506917,CEP,CEP
1720,RR,RR
588379,RR,CEP
21564,DSCT,DSCT
65145,RRc,RRc
403634,CEP,CEP
3045,RR,RR
20448,RRc,RRc
2653,RR,RR
51107,RRc,RRc
8622,DSCT,DSCT
76455,RRc,RRc
18577,RR,RR
27476,RR,RR
63029,RRc,RRc
6406,RRc,RRc
12972,DSCT,DSCT
1665,RR,RR
523129,CEP,CEP
38398,RRc,RRc
29643,DSCT,DSCT
631448,CEP,CEP
24455,RR,RR
6415,DSCT,DSCT
3427,DSCT,DSCT
544255,CEP,CEP
1172,DSCT,DSCT
5517,DSCT,DSCT
566734,CEP,CEP
2675,RR,RR
34116,DSCT,DSCT
81892,RRc,RRc
2846,DSCT,DSCT
41813,RRc,RRc
26161,RRc,RRc
22496,DSCT,DSCT
24577,RR,RR
371805,CEP,CEP
23480,DSCT,DSCT
549744,RR,CEP
126782,CEP,CEP
23979,RRc,RRc
16052,DSCT,DSCT
16172,RR,RR
255466,CEP,CEP
10582,CEP,RR
556103,CEP,CEP
32470,RRc,RRc
171817,CEP,CEP
9115,DSCT,DSCT
36115,RRc,RRc
54134,RRc,RRc
311938,CEP,CEP
32373,RR,RR
85689,RRc,RRc
19685,RRc,RRc
555354,CEP,CEP
145044,CEP,CEP
24225,CEP,RR
87406,RRc,RRc
68002,RRc,RRc
158270,CEP,CEP
23339,RRc,RRc
22960,DSCT,DSCT
68332,RRc,RRc
17471,DSCT,DSCT
15082,RR,RRc
68122,RRc,RRc
19845,RR,RR
1644,CEP,RR
67124,RRc,RRc
47580,RRc,RRc
18141,RR,RR
81506,CEP,CEP
31833,RR,RR
369446,CEP,CEP
80392,RRc,RRc
30384,DSCT,DSCT
2233,RR,RR
24090,DSCT,DSCT
63192,RRc,RRc
71852,RRc,RRc
50560,RRc,RRc
6455,RR,RR
8274,DSCT,DSCT
295900,CEP,CEP
57424,RRc,RRc
9020,CEP,RR
8090,DSCT,DSCT
45397,RRc,RRc
29566,DSCT,DSCT
20472,DSCT,DSCT
32914,RRc,RRc
65289,RRc,RRc
7123,CEP,CEP
28347,DSCT,DSCT
29054,RRc,RRc
18813,RR,RRc
30677,DSCT,DSCT
5899,DSCT,DSCT
591205,CEP,CEP
22413,RRc,RRc
26472,RR,RR
4067,CEP,RR
497566,RR,CEP
14779,RRc,RRc
519873,CEP,CEP
33929,RRc,RRc
34548,RR,RR
22201,RR,RR
22357,RR,RR
183600,CEP,CEP
26461,DSCT,DSCT
6849,DSCT,DSCT
540615,CEP,CEP
88951,RRc,RRc
468362,CEP,CEP
28930,RRc,RRc
17479,RR,RR
11768,DSCT,DSCT
43051,CEP,CEP
20441,DSCT,DSCT
36390,DSCT,DSCT
21286,RR,RR
21563,RR,RR
327639,CEP,CEP
82899,RRc,RRc
12677,RR,RR
453910,CEP,CEP
2312,RR,RR
577811,CEP,CEP
15249,RRc,RRc
83223,RRc,RRc
26400,RRc,RRc
86027,CEP,CEP
285731,CEP,CEP
180802,CEP,CEP
387083,CEP,CEP
22603,DSCT,DSCT
33440,DSCT,DSCT
26324,RR,RR
391353,CEP,CEP
14783,RRc,DSCT
16842,DSCT,DSCT
108037,RRc,RRc
56023,RRc,RRc
99214,RRc,RRc
5964,RR,RR
10284,DSCT,DSCT
40108,RRc,RRc
31306,CEP,CEP
16630,DSCT,DSCT
5254,RR,RR
88066,CEP,CEP
4801,RRc,RRc
5194,DSCT,DSCT
1994,RR,RR
6471,RR,RR
162355,CEP,CEP
20412,RR,RR
8214,RRc,RRc
87667,RRc,RRc
35871,DSCT,DSCT
10406,CEP,RR
348891,RR,CEP
27967,CEP,RR
12971,RR,RR
79147,RRc,RRc
50796,RRc,RRc
303261,CEP,CEP
33562,DSCT,DSCT
913,DSCT,DSCT
34450,RR,RR
30747,RR,RR
28637,DSCT,DSCT
32756,DSCT,DSCT
14738,DSCT,DSCT
33717,RR,RR
25920,DSCT,DSCT
53967,RRc,RRc
8967,RRc,RRc
17476,DSCT,DSCT
590685,CEP,CEP
34269,RR,RR
344010,RR,CEP
27729,RR,RR
37092,RRc,RRc
8204,RRc,RRc
4377,DSCT,DSCT
26424,RRc,RR
8658,RR,RR
17724,RR,RR
11450,DSCT,DSCT
58039,RRc,RRc
27922,RR,RR
495796,RRc,CEP
12550,RR,RR
2585,DSCT,DSCT
25420,RRc,RRc
25966,RR,RR
156174,CEP,CEP
23103,RR,RR
508670,CEP,CEP
362203,CEP,CEP
420,DSCT,DSCT
291294,CEP,CEP
17044,RR,RR
13328,RRc,RRc
15630,RRc,RRc
393499,CEP,CEP
573451,CEP,CEP
18479,CEP,CEP
28203,RRc,RRc
13776,RR,RR
472809,CEP,CEP
47,DSCT,DSCT
6378,DSCT,DSCT
57110,RRc,RRc
154,RR,RR
625902,CEP,CEP
64545,RRc,RRc
48613,RRc,RRc
24355,DSCT,DSCT
35952,RRc,RRc
10214,RR,RR
581677,CEP,CEP
84441,RRc,RRc
32553,DSCT,DSCT
4887,CEP,RR
31541,RRc,RRc
97809,RR,CEP
18156,CEP,RR
2368,RRc,RRc
24264,RR,RR
11168,DSCT,DSCT
65850,CEP,CEP
295,RR,RR
50064,RRc,RRc
18265,CEP,RR
20406,DSCT,DSCT
278063,CEP,CEP
18409,RR,RR
31362,RRc,RRc
66516,RRc,RRc
577055,CEP,CEP
330597,CEP,CEP
21146,RRc,RRc
17577,DSCT,DSCT
16675,RR,RR
19294,DSCT,DSCT
10600,DSCT,DSCT
11676,RR,RR
69444,RRc,RRc
31223,DSCT,DSCT
472103,CEP,CEP
30401,DSCT,DSCT
29986,RR,RR
20790,RR,RR
29015,DSCT,DSCT
576265,CEP,CEP
545417,CEP,CEP
717,RR,RR
487603,CEP,CEP
32606,RRc,RRc
612531,CEP,CEP
176623,CEP,CEP
89929,RRc,RRc
57911,RRc,RRc
19205,RRc,RRc
529312,CEP,CEP
94417,RRc,CEP
25317,CEP,RR
13765,DSCT,DSCT
7106,RRc,RRc
16350,RR,RR
26940,RRc,RRc
532472,CEP,CEP
415038,CEP,CEP
457813,CEP,CEP
80058,CEP,CEP
503,DSCT,DSCT
78843,RRc,RRc
15599,CEP,CEP
17100,RR,RR
1853,DSCT,DSCT
47312,RRc,RRc
30103,RRc,RRc
9291,DSCT,DSCT
89029,RRc,RRc
395053,CEP,CEP
503691,CEP,CEP
33001,DSCT,DSCT
346790,CEP,CEP
24294,RR,RR
546850,CEP,CEP
115,DSCT,DSCT
66729,RRc,RRc
13284,RR,RR
27515,RRc,RRc
23416,RR,RR
148732,CEP,CEP
25525,DSCT,DSCT
530621,CEP,CEP
31257,RRc,RRc
6857,DSCT,DSCT
4509,DSCT,DSCT
4892,DSCT,DSCT
445879,CEP,CEP
10583,CEP,RRc
6929,RR,RR
9304,RR,RR
23434,RRc,RRc
27127,DSCT,DSCT
18609,RR,RR
10786,DSCT,DSCT
11569,DSCT,DSCT
358972,CEP,CEP
10382,RR,RR
30364,RR,RR
58664,RRc,RRc
2069,RR,RR
493743,CEP,CEP
29204,RRc,RRc
30012,DSCT,DSCT
96768,CEP,CEP
5627,RRc,RRc
35469,DSCT,DSCT
1226,CEP,CEP
2423,RR,RR
481421,CEP,CEP
6096,CEP,CEP
15316,RRc,RRc
519970,CEP,CEP
213,RR,RR
27477,RRc,RRc
32806,RRc,RRc
76454,RRc,RRc
15487,CEP,CEP
17029,CEP,CEP
16999,RRc,RRc
217749,CEP,CEP
27326,RR,RR
6834,RR,RR
475979,CEP,CEP
48,DSCT,DSCT
419221,CEP,CEP
7178,RR,RR
30525,RR,RR
18439,DSCT,DSCT
33881,DSCT,DSCT
26074,DSCT,DSCT
13694,RR,RR
2354,DSCT,DSCT
29891,RR,RR
24431,RRc,RRc
1909,RR,RR
24348,RRc,RRc
11598,DSCT,DSCT
2172,DSCT,DSCT
20109,DSCT,DSCT
19854,RR,RR
20492,DSCT,DSCT
26518,CEP,CEP
21271,DSCT,DSCT
32893,RR,RR
43498,RRc,RRc
581218,CEP,CEP
2816,DSCT,DSCT
23674,RRc,RRc
30667,RR,RR
2384,RR,RR
42051,RRc,RRc
107612,RRc,RRc
398781,CEP,CEP
26767,RR,RR
4370,CEP,RR
29631,DSCT,DSCT
6596,DSCT,DSCT
27765,DSCT,DSCT
1607,DSCT,DSCT
9390,RR,RR
118487,CEP,CEP
10937,DSCT,DSCT
9465,DSCT,DSCT
19388,CEP,CEP
31353,DSCT,DSCT
75372,RRc,RRc
16755,DSCT,DSCT
310145,CEP,CEP
21919,DSCT,DSCT
2832,DSCT,DSCT
19480,RRc,RRc
21931,RRc,RRc
1880,RR,RR
12793,DSCT,DSCT
33628,RR,RR
25492,DSCT,DSCT
2673,DSCT,DSCT
27371,RRc,RRc
37193,RRc,RRc
9962,RR,RR
8598,RRc,RRc
2043,RRc,RR
454196,CEP,CEP
17129,DSCT,DSCT
15338,RR,RR
9614,RR,RR
107578,RRc,RRc
30875,CEP,CEP
168829,CEP,CEP
57160,RRc,RRc
135787,CEP,CEP
587791,CEP,CEP
9112,CEP,CEP
32139,RR,RR
32294,DSCT,DSCT
33324,RR,RR
24584,DSCT,DSCT
25032,RRc,RRc
7949,RR,RR
22572,DSCT,DSCT
33392,DSCT,DSCT
81195,CEP,CEP
62660,RRc,RRc
35547,DSCT,DSCT
414612,CEP,CEP
52293,CEP,CEP
13542,RR,RR
582478,CEP,CEP
87160,RRc,RRc
11316,RR,RR
30755,RR,RR
16579,RR,RR
18030,DSCT,DSCT
37512,DSCT,DSCT
68297,RRc,RRc
61673,RRc,RRc
3051,RR,RR
47739,RRc,RRc
64045,RRc,RRc
16128,CEP,CEP
34026,RRc,RRc
353063,CEP,CEP
33048,DSCT,DSCT
257367,RR,CEP
27880,RR,RR
5306,RR,RR
100432,RRc,RRc
30922,RR,RR
13460,CEP,CEP
11793,RR,RR
13197,DSCT,DSCT
9209,RR,RR
303816,CEP,CEP
2715,DSCT,DSCT
4577,DSCT,DSCT
513675,CEP,CEP
99307,RRc,RRc
29379,RR,RR
26832,RR,RR
21743,RR,RR
27732,RR,RR
372501,CEP,CEP
1208,RRc,RRc
14934,DSCT,DSCT
30292,RR,RR
9254,RR,RR
24256,CEP,CEP
89726,RRc,RRc
14901,CEP,RR
36024,RRc,RRc
150151,CEP,CEP
6852,DSCT,DSCT
503669,CEP,CEP
14111,RR,RR
24653,DSCT,DSCT
13001,RR,RR
2913,RR,RR
524706,CEP,CEP
33395,DSCT,DSCT
33439,RR,RR
18402,RRc,RRc
12609,DSCT,DSCT
21325,RR,RR
15931,RRc,RRc
27390,RR,RR
26570,DSCT,DSCT
102475,RRc,RRc
67693,RRc,RRc
24229,DSCT,DSCT
80803,RRc,RRc
5158,RRc,RRc
23400,RR,RR
27107,RRc,RRc
504156,CEP,CEP
78964,RRc,RRc
10201,RRc,RR
76342,RRc,RRc
13354,RR,RR
86090,RRc,RRc
12743,DSCT,DSCT
34688,DSCT,DSCT
60205,RRc,RRc
86797,RRc,RRc
6897,CEP,RRc
549849,CEP,CEP
25383,DSCT,DSCT
301189,CEP,CEP
31692,DSCT,DSCT
18438,RRc,RRc
366543,CEP,CEP
15374,RR,RR
62811,RRc,RRc
587,DSCT,DSCT
23391,RR,RR
101443,RRc,RRc
19912,DSCT,DSCT
94294,RRc,RRc
35374,RRc,RRc
19843,DSCT,DSCT
176896,CEP,CEP
291493,CEP,CEP
34160,RRc,RRc
84743,RRc,RRc
63514,RRc,RRc
18922,DSCT,DSCT
562556,CEP,CEP
164332,CEP,CEP
12270,DSCT,DSCT
33196,DSCT,DSCT
481632,CEP,CEP
547084,CEP,CEP
502,DSCT,DSCT
26262,RRc,RR
60388,RRc,RRc
8198,RR,RR
9317,RRc,RRc
44277,RRc,RRc
102969,CEP,CEP
17398,DSCT,DSCT
24602,RR,RR
29988,RR,RR
34358,RR,RR
31823,RR,RR
170456,RR,CEP
28338,RR,RR
34585,RR,RR
17800,RR,RR
505252,CEP,CEP
27158,DSCT,DSCT
60834,CEP,CEP
1738,RRc,RRc
8136,DSCT,DSCT
27743,DSCT,DSCT
468456,CEP,CEP
17769,DSCT,DSCT
14404,DSCT,DSCT
3558,RR,RR
26662,DSCT,DSCT
379274,CEP,CEP
91722,CEP,CEP
21449,DSCT,DSCT
13976,RR,RR
19081,RRc,DSCT
29712,DSCT,DSCT
88074,RRc,RRc
19862,RR,RR
83163,RRc,RRc
1962,RR,RR
28646,DSCT,DSCT
22347,DSCT,DSCT
32009,RRc,RRc
29201,RR,RR
12795,RRc,RRc
19127,CEP,RR
321851,CEP,CEP
391710,RR,CEP
405035,CEP,CEP
22877,DSCT,DSCT
568295,CEP,CEP
14713,RR,RR
66911,RRc,RRc
13198,CEP,RR
591998,CEP,CEP
63298,RRc,RRc
7016,CEP,RR
31658,DSCT,DSCT
363280,CEP,CEP
37298,DSCT,DSCT
81650,RRc,RRc
113894,CEP,CEP
4940,RR,RR
16066,RR,RR
29747,RR,RR
93163,RRc,RRc
415544,CEP,CEP
17582,RR,RR
523886,CEP,CEP
101613,RRc,RRc
13842,DSCT,DSCT
93009,RRc,RRc
394755,RR,CEP
433494,CEP,CEP
396432,RRc,CEP
25114,DSCT,DSCT
78279,RRc,RRc
5637,CEP,RR
4455,DSCT,DSCT
25090,RR,RR
8687,DSCT,DSCT
28944,RR,RR
18571,RRc,RRc
535155,CEP,CEP
29852,RR,RR
5361,RR,RR
27472,CEP,CEP
60896,RRc,RRc
13525,DSCT,DSCT
14456,RR,RR
50729,RRc,RRc
555818,CEP,CEP
45996,RRc,RRc
19789,DSCT,DSCT
12177,RR,RR
456705,CEP,CEP
25173,DSCT,DSCT
99699,RRc,RRc
9472,RRc,RRc
91206,CEP,CEP
19394,DSCT,DSCT
5601,RRc,RRc
143650,CEP,CEP
93415,CEP,CEP
19696,RRc,RRc
80133,RRc,RRc
94705,RRc,RRc
616553,CEP,CEP
4841,RR,RR
2232,RRc,RRc
29312,CEP,RR
296999,CEP,CEP
22058,RRc,RRc
37186,DSCT,DSCT
92590,RRc,RRc
15755,CEP,CEP
144160,CEP,CEP
27919,DSCT,DSCT
27669,DSCT,DSCT
13311,RR,RR
175773,CEP,CEP
19458,RRc,RRc
15118,DSCT,DSCT
21235,RRc,RRc
546432,CEP,CEP
575616,CEP,CEP
29910,DSCT,DSCT
5260,RR,RR
72992,CEP,CEP
33996,DSCT,DSCT
27860,RR,RR
316899,RR,CEP
4799,RR,RR
12439,DSCT,DSCT
5659,DSCT,DSCT
25225,DSCT,DSCT
25517,DSCT,DSCT
4322,RRc,RRc
35333,DSCT,DSCT
13130,RR,RR
75482,RRc,RRc
17819,RRc,RR
390604,CEP,CEP
87012,RRc,RRc
600001,CEP,CEP
32992,DSCT,DSCT
444852,CEP,CEP
3564,DSCT,DSCT
130412,CEP,CEP
80237,RRc,RRc
49099,RRc,RRc
158356,CEP,CEP
33238,DSCT,DSCT
17169,CEP,CEP
36416,DSCT,DSCT
19504,DSCT,DSCT
104,DSCT,DSCT
32675,RR,RR
17559,RR,RR
30610,RR,RR
62956,CEP,CEP
28489,RRc,RRc
25580,RRc,RRc
392086,CEP,CEP
25260,DSCT,DSCT
15024,CEP,CEP
391035,CEP,CEP
22352,RRc,RRc
16332,DSCT,DSCT
3315,DSCT,DSCT
4295,DSCT,DSCT
10026,DSCT,DSCT
16106,RR,RR
36801,DSCT,DSCT
16780,CEP,RR
27060,RR,RR
9732,RR,RR
25110,DSCT,DSCT
5366,RR,RR
171814,CEP,CEP
40784,RRc,RRc
513320,CEP,CEP
38651,DSCT,DSCT
1648,RRc,RRc
19174,DSCT,DSCT
24282,DSCT,DSCT
16188,CEP,CEP
25285,RR,RR
451740,CEP,CEP
128637,RR,CEP
10510,RR,RR
16070,RR,RR
173067,CEP,CEP
525711,CEP,CEP
37906,DSCT,DSCT
71239,RRc,RRc
18811,DSCT,DSCT
92250,RRc,RRc
6421,DSCT,DSCT
36648,RRc,RRc
31209,RR,RR
37386,RRc,RRc
28448,RR,RRc
525139,CEP,CEP
43122,RRc,RRc
45990,RRc,RRc
12489,DSCT,DSCT
13849,RR,RR
2075,DSCT,DSCT
26237,RRc,RRc
390998,CEP,CEP
